Tanggal,Beras Premium,Beras Medium,Kedelai Biji Kering (Impor),Bawang Merah,Bawang Putih Bonggol,Cabai Merah Keriting,Cabai Rawit Merah,Daging Sapi Murni,Daging Ayam Ras,Telur Ayam Ras,Gula Pasir/Konsumsi,Minyak Goreng Kms. Sederhana,Tepung Terigu (Curah),Minyak Goreng Curah,Cabai Merah Besar,Jagung Pipilan Kering,Kentang,Tomat
01/01/2024," 14,750 "," 12,450 "," 13,000 "," 35,000 "," 34,000 "," 50,000 "," 68,000 "," 110,000 "," 31,000 "," 26,500 "," 16,500 "," 15,500 "," 9,000 "," 15,500 "," 56,000 "," 10,000 "," 17,000 "," 17,000 "
02/01/2024," 14,490 "," 12,450 "," 13,000 "," 35,000 "," 34,000 "," 48,000 "," 68,000 "," 110,000 "," 31,000 "," 26,500 "," 16,500 "," 15,500 "," 9,000 "," 15,500 "," 54,000 "," 10,000 "," 17,000 "," 18,000 "
03/01/2024," 14,490 "," 12,450 "," 13,000 "," 35,000 "," 34,000 "," 56,000 "," 64,000 "," 110,000 "," 30,000 "," 26,500 "," 16,500 "," 15,500 "," 9,000 "," 15,500 "," 56,000 "," 10,000 "," 17,000 "," 18,000 "
04/01/2024," 14,490 "," 12,450 "," 13,000 "," 35,000 "," 34,000 "," 56,000 "," 65,000 "," 110,000 "," 30,000 "," 26,500 "," 16,500 "," 15,500 "," 9,000 "," 15,500 "," 56,000 "," 10,000 "," 17,000 "," 18,000 "
05/01/2024,#N/A," 12,450 "," 13,000 "," 35,000 "," 34,000 "," 50,000 "," 58,000 "," 110,000 "," 30,000 "," 26,500 "," 16,500 "," 15,500 "," 10,000 "," 15,500 "," 52,000 "," 10,000 "," 17,000 "," 19,000 "
06/01/2024," 14,000 "," 12,450 "," 13,000 "," 35,000 "," 34,000 "," 48,000 "," 54,000 "," 110,000 "," 30,000 "," 26,500 "," 16,500 "," 15,500 "," 9,000 "," 15,500 "," 48,000 "," 10,000 "," 17,000 "," 20,000 "
07/01/2024," 14,490 "," 12,450 "," 13,000 "," 35,000 "," 34,000 "," 48,000 "," 53,000 "," 110,000 "," 30,000 "," 26,500 "," 16,500 "," 15,500 "," 9,000 "," 15,500 "," 48,000 "," 10,000 "," 17,000 "," 19,000 "
08/01/2024," 14,490 "," 12,450 "," 13,000 "," 34,000 "," 34,000 "," 52,000 "," 56,000 "," 110,000 "," 30,000 "," 26,000 "," 16,500 "," 15,500 "," 9,000 "," 15,500 "," 53,000 "," 10,000 "," 17,000 "," 19,000 "
09/01/2024," 14,490 "," 12,450 "," 13,000 "," 34,000 "," 34,000 "," 55,000 "," 60,000 "," 110,000 "," 30,000 "," 26,000 "," 16,500 "," 15,500 "," 9,000 "," 15,500 "," 55,000 "," 10,000 "," 17,000 "," 19,000 "
10/01/2024," 14,490 "," 12,450 "," 13,000 "," 34,000 "," 34,000 "," 52,000 "," 45,000 "," 110,000 "," 30,000 "," 26,000 "," 16,500 "," 15,500 "," 9,000 "," 15,500 "," 52,000 "," 10,000 "," 17,000 "," 19,000 "
11/01/2024," 14,490 "," 12,450 "," 13,000 "," 34,000 "," 34,000 "," 53,000 "," 36,000 "," 110,000 "," 30,000 "," 26,000 "," 16,500 "," 15,500 "," 9,000 "," 15,500 "," 55,000 "," 10,000 "," 17,000 "," 19,000 "
12/01/2024," 14,490 "," 12,450 "," 13,000 "," 34,000 "," 34,000 "," 52,000 "," 30,000 "," 110,000 "," 30,000 "," 26,000 "," 16,500 "," 15,500 "," 9,000 "," 15,500 "," 52,000 "," 10,000 "," 17,000 "," 18,000 "
13/01/2024," 14,490 "," 12,450 "," 13,000 "," 34,000 "," 34,000 "," 50,000 "," 40,000 "," 110,000 "," 30,000 "," 26,000 "," 16,500 "," 15,500 "," 9,000 "," 15,500 "," 52,000 "," 10,000 "," 17,000 "," 18,000 "
14/01/2024," 14,490 "," 12,450 "," 13,000 "," 32,000 "," 34,000 "," 55,000 "," 42,000 "," 110,000 "," 31,000 "," 25,000 "," 16,500 "," 15,500 "," 9,000 "," 15,500 "," 56,000 "," 10,000 "," 18,000 "," 20,000 "
15/01/2024," 14,490 "," 12,450 "," 13,000 "," 25,000 "," 32,000 "," 50,000 "," 42,000 "," 110,000 "," 31,000 "," 25,000 "," 16,000 "," 15,500 "," 9,000 "," 15,500 "," 58,000 "," 10,000 "," 18,000 "," 18,000 "
16/01/2024," 14,490 "," 12,450 "," 13,000 "," 25,000 "," 32,000 "," 55,000 "," 42,000 "," 110,000 "," 31,000 "," 25,000 "," 16,000 "," 15,500 "," 9,000 "," 15,500 "," 65,000 "," 10,000 "," 18,000 "," 17,000 "
17/01/2024," 14,490 "," 12,450 "," 13,000 "," 25,000 "," 32,000 "," 55,000 "," 42,000 "," 110,000 "," 31,000 "," 25,000 "," 16,000 "," 15,500 "," 9,000 "," 15,500 "," 56,000 "," 10,000 "," 20,000 "," 16,000 "
18/01/2024," 14,490 "," 12,450 "," 13,000 "," 25,000 "," 34,000 "," 48,000 "," 32,000 "," 110,000 "," 31,000 "," 25,000 "," 16,500 "," 15,500 "," 10,000 "," 15,500 "," 65,000 "," 10,000 "," 20,000 "," 17,000 "
19/01/2024," 14,490 "," 12,800 "," 13,250 "," 29,000 "," 39,000 "," 56,000 "," 42,000 "," 110,000 "," 31,500 "," 27,000 "," 16,000 "," 15,000 "," 8,700 "," 14,600 "," 56,000 "," 10,000 "," 20,000 "," 18,000 "
20/01/2024," 14,490 "," 12,800 "," 13,250 "," 29,000 "," 42,000 "," 60,000 "," 39,000 "," 110,000 "," 31,500 "," 26,600 "," 16,500 "," 15,000 "," 8,750 "," 14,625 "," 64,500 "," 10,000 "," 20,000 "," 19,000 "
21/01/2024," 14,490 "," 12,800 "," 13,250 "," 27,500 "," 38,000 "," 57,500 "," 36,500 "," 100,000 "," 31,000 "," 26,600 "," 16,500 "," 15,000 "," 9,250 "," 14,625 "," 67,000 "," 10,000 "," 20,000 "," 19,000 "
22/01/2024," 15,000 "," 12,967 "," 13,150 "," 29,000 "," 40,000 "," 60,000 "," 31,000 "," 100,000 "," 31,000 "," 26,600 "," 16,500 "," 15,000 "," 9,250 "," 14,625 "," 67,500 "," 10,000 "," 22,000 "," 19,000 "
23/01/2024," 15,000 "," 12,800 "," 13,150 "," 26,500 "," 41,000 "," 57,500 "," 27,500 "," 100,000 "," 31,000 "," 26,600 "," 16,500 "," 15,000 "," 9,250 "," 14,400 "," 77,500 "," 10,000 "," 20,000 "," 20,000 "
24/01/2024," 15,000 "," 12,967 "," 13,150 "," 28,000 "," 40,000 "," 62,500 "," 31,000 "," 100,000 "," 30,000 "," 26,500 "," 16,500 "," 15,000 "," 8,750 "," 14,625 "," 74,500 "," 10,000 "," 20,000 "," 20,000 "
25/01/2024," 15,000 "," 12,967 "," 13,150 "," 27,000 "," 41,000 "," 60,000 "," 33,000 "," 102,500 "," 30,000 "," 26,500 "," 16,500 "," 15,000 "," 8,750 "," 14,625 "," 74,000 "," 10,000 "," 20,000 "," 20,000 "
26/01/2024," 15,000 "," 12,967 "," 13,150 "," 28,000 "," 40,000 "," 61,000 "," 34,000 "," 102,500 "," 30,500 "," 26,500 "," 16,500 "," 15,000 "," 8,750 "," 14,625 "," 77,000 "," 10,000 "," 20,000 "," 20,000 "
27/01/2024," 15,000 "," 12,967 "," 13,150 "," 28,000 "," 40,000 "," 61,000 "," 34,000 "," 102,500 "," 30,500 "," 26,500 "," 16,500 "," 15,000 "," 8,750 "," 14,625 "," 77,000 "," 10,000 "," 20,000 "," 20,000 "
28/01/2024," 15,500 "," 13,133 "," 13,150 "," 30,000 "," 40,000 "," 38,000 "," 32,500 "," 102,500 "," 30,000 "," 26,500 "," 16,500 "," 15,000 "," 9,250 "," 14,625 "," 74,500 "," 10,000 "," 20,000 "," 21,000 "
29/01/2024," 15,500 "," 13,133 "," 13,150 "," 26,500 "," 40,000 "," 55,000 "," 31,000 "," 102,500 "," 30,500 "," 26,500 "," 16,500 "," 15,000 "," 8,750 "," 14,625 "," 73,000 "," 10,000 "," 20,000 "," 20,000 "
30/01/2024," 15,500 "," 13,300 "," 13,150 "," 28,000 "," 39,000 "," 49,000 "," 36,000 "," 102,500 "," 30,500 "," 26,500 "," 16,500 "," 15,000 "," 8,750 "," 14,625 "," 74,000 "," 10,000 "," 22,000 "," 20,000 "
31/01/2024," 15,250 "," 13,300 "," 13,150 "," 26,000 "," 40,000 "," 45,000 "," 32,000 "," 102,500 "," 30,000 "," 26,500 "," 16,500 "," 15,000 "," 8,750 "," 14,625 "," 73,000 "," 10,000 "," 20,000 "," 21,000 "
01/02/2024," 15,250 "," 13,300 "," 13,150 "," 29,000 "," 41,000 "," 46,500 "," 33,000 "," 102,500 "," 31,000 "," 26,500 "," 16,500 "," 15,000 "," 8,750 "," 14,850 "," 75,000 "," 10,000 "," 20,000 "," 20,000 "
02/02/2024," 15,250 "," 13,300 "," 13,150 "," 28,000 "," 40,000 "," 48,000 "," 32,000 "," 102,500 "," 31,500 "," 26,500 "," 16,500 "," 15,000 "," 8,750 "," 14,850 "," 76,000 "," 10,000 "," 20,000 "," 20,000 "
03/02/2024," 15,250 "," 13,300 "," 13,150 "," 28,000 "," 40,000 "," 48,000 "," 32,000 "," 102,500 "," 31,500 "," 26,600 "," 16,500 "," 15,000 "," 8,750 "," 14,850 "," 78,000 "," 10,000 "," 20,000 "," 20,000 "
04/02/2024," 15,250 "," 13,300 "," 13,150 "," 28,000 "," 40,000 "," 53,000 "," 33,500 "," 102,500 "," 32,000 "," 27,166 "," 16,500 "," 15,000 "," 8,750 "," 14,850 "," 79,000 "," 10,000 "," 20,000 "," 20,000 "
05/02/2024," 15,500 "," 13,467 "," 13,150 "," 28,000 "," 39,000 "," 55,000 "," 34,500 "," 102,500 "," 32,000 "," 27,166 "," 16,500 "," 15,000 "," 8,750 "," 14,850 "," 80,000 "," 10,000 "," 20,000 "," 20,000 "
06/02/2024," 15,750 "," 13,633 "," 13,400 "," 26,000 "," 39,000 "," 55,000 "," 37,000 "," 102,500 "," 33,500 "," 27,166 "," 16,500 "," 15,000 "," 8,750 "," 15,075 "," 78,000 "," 10,000 "," 20,000 "," 21,000 "
07/02/2024," 16,000 "," 13,633 "," 13,400 "," 26,000 "," 39,000 "," 52,500 "," 47,000 "," 102,500 "," 34,500 "," 27,166 "," 16,500 "," 15,000 "," 8,750 "," 15,075 "," 78,000 "," 10,000 "," 20,000 "," 23,000 "
08/02/2024," 16,000 "," 13,633 "," 13,400 "," 26,000 "," 39,000 "," 59,000 "," 51,000 "," 102,500 "," 34,500 "," 27,166 "," 16,500 "," 15,000 "," 8,750 "," 15,075 "," 78,000 "," 10,000 "," 20,000 "," 23,000 "
09/02/2024," 16,000 "," 13,633 "," 13,400 "," 26,000 "," 39,000 "," 60,000 "," 47,000 "," 102,500 "," 34,000 "," 27,167 "," 16,500 "," 15,000 "," 8,750 "," 15,075 "," 76,000 "," 10,000 "," 20,000 "," 24,000 "
10/02/2024," 16,000 "," 13,633 "," 13,400 "," 26,000 "," 39,000 "," 62,000 "," 51,000 "," 102,500 "," 34,000 "," 27,167 "," 16,500 "," 15,000 "," 8,750 "," 15,075 "," 77,000 "," 10,000 "," 20,000 "," 24,000 "
11/02/2024," 16,000 "," 13,633 "," 13,400 "," 26,000 "," 39,000 "," 62,000 "," 55,000 "," 102,500 "," 34,000 "," 27,167 "," 16,500 "," 15,000 "," 8,750 "," 15,075 "," 77,000 "," 10,000 "," 20,000 "," 24,000 "
12/02/2024," 16,000 "," 13,633 "," 12,800 "," 26,000 "," 40,000 "," 60,000 "," 57,000 "," 105,000 "," 34,000 "," 27,133 "," 16,500 "," 15,000 "," 8,750 "," 15,075 "," 76,000 "," 10,000 "," 20,000 "," 25,000 "
13/02/2024," 16,500 "," 13,800 "," 12,900 "," 27,000 "," 39,000 "," 62,000 "," 58,000 "," 105,000 "," 34,500 "," 28,333 "," 16,500 "," 15,000 "," 8,750 "," 14,850 "," 77,000 "," 10,000 "," 20,000 "," 24,000 "
14/02/2024," 16,500 "," 13,800 "," 12,900 "," 26,000 "," 40,000 "," 66,000 "," 55,000 "," 105,000 "," 34,500 "," 28,333 "," 16,500 "," 15,000 "," 8,750 "," 14,850 "," 73,000 "," 10,000 "," 20,000 "," 26,000 "
15/02/2024," 16,500 "," 13,633 "," 12,900 "," 26,000 "," 40,000 "," 66,000 "," 55,000 "," 105,000 "," 34,500 "," 28,333 "," 16,500 "," 15,000 "," 8,750 "," 14,850 "," 73,000 "," 10,000 "," 20,000 "," 26,000 "
16/02/2024," 16,500 "," 13,633 "," 12,800 "," 26,500 "," 39,000 "," 65,000 "," 79,000 "," 105,000 "," 34,500 "," 28,333 "," 16,500 "," 15,000 "," 8,750 "," 14,850 "," 78,000 "," 10,000 "," 20,000 "," 26,000 "
17/02/2024," 16,250 "," 13,633 "," 12,800 "," 27,000 "," 40,000 "," 70,000 "," 80,000 "," 105,000 "," 34,500 "," 28,333 "," 16,500 "," 15,000 "," 8,750 "," 14,850 "," 82,000 "," 10,000 "," 20,000 "," 25,000 "
18/02/2024," 16,250 "," 13,633 "," 12,800 "," 27,000 "," 40,000 "," 70,000 "," 80,000 "," 105,000 "," 34,500 "," 28,333 "," 16,500 "," 15,000 "," 8,750 "," 14,850 "," 82,000 "," 10,000 "," 20,000 "," 25,000 "
19/02/2024," 16,500 "," 13,633 "," 12,800 "," 28,000 "," 40,000 "," 75,000 "," 73,000 "," 105,000 "," 34,500 "," 28,667 "," 16,500 "," 15,000 "," 8,750 "," 14,850 "," 85,000 "," 10,000 "," 20,000 "," 24,000 "
20/02/2024," 16,500 "," 13,633 "," 12,800 "," 28,000 "," 37,000 "," 87,000 "," 70,000 "," 105,000 "," 33,500 "," 29,000 "," 16,500 "," 15,000 "," 8,750 "," 14,850 "," 90,000 "," 10,000 "," 20,000 "," 23,000 "
21/02/2024," 16,500 "," 13,633 "," 12,800 "," 29,000 "," 37,000 "," 87,000 "," 68,000 "," 105,000 "," 33,000 "," 29,167 "," 16,500 "," 15,000 "," 8,750 "," 14,850 "," 90,000 "," 10,000 "," 20,000 "," 19,000 "
22/02/2024," 16,250 "," 13,467 "," 12,800 "," 28,000 "," 37,000 "," 92,000 "," 70,000 "," 105,000 "," 33,500 "," 29,167 "," 16,500 "," 15,000 "," 8,750 "," 14,850 "," 97,000 "," 10,000 "," 20,000 "," 21,000 "
23/02/2024," 16,250 "," 13,467 "," 12,800 "," 28,000 "," 37,000 "," 90,000 "," 70,000 "," 105,000 "," 33,500 "," 29,167 "," 16,500 "," 15,000 "," 8,750 "," 14,850 "," 94,500 "," 10,000 "," 20,000 "," 19,000 "
24/02/2024," 16,250 "," 13,467 "," 12,800 "," 29,000 "," 37,000 "," 85,000 "," 68,000 "," 105,000 "," 35,000 "," 30,000 "," 16,500 "," 15,000 "," 8,750 "," 14,850 "," 99,000 "," 10,000 "," 20,000 "," 21,000 "
25/02/2024," 16,250 "," 13,467 "," 12,800 "," 28,000 "," 37,000 "," 85,000 "," 63,000 "," 105,000 "," 34,000 "," 30,000 "," 16,500 "," 15,000 "," 8,750 "," 14,850 "," 99,000 "," 10,000 "," 20,000 "," 16,000 "
26/02/2024," 16,250 "," 13,467 "," 12,800 "," 28,000 "," 37,000 "," 80,000 "," 42,000 "," 105,000 "," 34,000 "," 30,833 "," 16,500 "," 15,000 "," 8,750 "," 15,075 "," 99,000 "," 10,000 "," 18,000 "," 15,000 "
27/02/2024," 16,250 "," 13,300 "," 12,850 "," 30,000 "," 37,000 "," 85,000 "," 52,000 "," 105,000 "," 35,500 "," 30,833 "," 16,500 "," 15,000 "," 8,750 "," 15,075 "," 99,000 "," 9,000 "," 20,000 "," 15,000 "
28/02/2024," 16,250 "," 13,300 "," 12,850 "," 30,000 "," 37,000 "," 85,000 "," 52,000 "," 105,000 "," 35,500 "," 30,833 "," 16,500 "," 15,000 "," 8,750 "," 15,075 "," 99,000 "," 9,000 "," 20,000 "," 15,000 "
29/02/2024," 16,250 "," 13,300 "," 12,850 "," 29,000 "," 37,500 "," 66,000 "," 59,000 "," 105,000 "," 35,500 "," 30,833 "," 16,750 "," 15,000 "," 8,750 "," 15,075 "," 94,000 "," 9,000 "," 20,000 "," 17,000 "
01/03/2024," 16,000 "," 13,300 "," 12,850 "," 29,000 "," 37,500 "," 66,000 "," 59,000 "," 105,000 "," 35,500 "," 30,833 "," 16,750 "," 15,000 "," 8,750 "," 15,075 "," 90,000 "," 9,000 "," 20,000 "," 17,000 "
02/03/2024," 16,000 "," 13,300 "," 12,850 "," 29,000 "," 37,500 "," 61,000 "," 45,000 "," 105,000 "," 37,000 "," 30,833 "," 17,000 "," 15,000 "," 8,750 "," 15,300 "," 81,000 "," 9,000 "," 18,000 "," 17,000 "
03/03/2024," 16,000 "," 13,300 "," 12,850 "," 29,000 "," 37,500 "," 54,000 "," 53,000 "," 105,000 "," 38,000 "," 30,833 "," 17,000 "," 15,000 "," 8,750 "," 15,525 "," 76,000 "," 9,000 "," 18,000 "," 17,000 "
04/03/2024," 16,000 "," 13,300 "," 12,850 "," 28,000 "," 38,500 "," 54,000 "," 49,000 "," 105,000 "," 38,500 "," 30,833 "," 17,000 "," 15,000 "," 8,750 "," 15,525 "," 74,000 "," 8,000 "," 18,000 "," 19,000 "
05/03/2024," 16,000 "," 13,300 "," 12,850 "," 28,000 "," 39,000 "," 56,000 "," 49,000 "," 105,000 "," 38,500 "," 30,833 "," 17,000 "," 15,000 "," 8,750 "," 15,525 "," 74,000 "," 8,000 "," 18,000 "," 19,000 "
06/03/2024," 16,000 "," 13,300 "," 12,850 "," 29,000 "," 39,000 "," 56,000 "," 51,000 "," 105,000 "," 38,500 "," 30,833 "," 17,000 "," 15,000 "," 8,750 "," 15,525 "," 69,000 "," 8,000 "," 18,000 "," 19,000 "
07/03/2024," 16,000 "," 13,300 "," 12,850 "," 31,000 "," 40,000 "," 61,000 "," 49,000 "," 105,000 "," 38,500 "," 31,167 "," 17,000 "," 15,000 "," 8,750 "," 15,525 "," 70,000 "," 8,000 "," 20,000 "," 22,000 "
08/03/2024," 16,000 "," 13,300 "," 12,850 "," 32,000 "," 39,000 "," 66,000 "," 50,000 "," 105,000 "," 38,500 "," 31,167 "," 17,250 "," 15,000 "," 8,750 "," 15,750 "," 70,000 "," 8,000 "," 18,000 "," 22,000 "
09/03/2024," 16,000 "," 13,300 "," 12,850 "," 32,000 "," 39,000 "," 64,000 "," 53,000 "," 105,000 "," 38,500 "," 31,500 "," 17,250 "," 15,000 "," 8,750 "," 15,750 "," 68,000 "," 8,000 "," 18,000 "," 22,000 "
10/03/2024," 16,000 "," 13,300 "," 12,850 "," 32,000 "," 39,000 "," 64,000 "," 53,000 "," 105,000 "," 38,500 "," 31,500 "," 17,250 "," 15,000 "," 8,750 "," 15,750 "," 68,000 "," 8,000 "," 18,000 "," 22,000 "
11/03/2024," 16,000 "," 13,300 "," 12,850 "," 33,000 "," 42,000 "," 58,000 "," 43,000 "," 105,000 "," 39,000 "," 31,833 "," 17,250 "," 15,000 "," 8,750 "," 15,750 "," 65,000 "," 7,500 "," 18,000 "," 22,000 "
12/03/2024," 16,000 "," 13,300 "," 12,850 "," 33,000 "," 42,000 "," 55,000 "," 40,000 "," 105,000 "," 39,000 "," 31,833 "," 17,250 "," 15,000 "," 8,750 "," 15,750 "," 62,000 "," 7,500 "," 18,000 "," 22,000 "
13/03/2024," 16,000 "," 13,300 "," 12,850 "," 34,000 "," 42,000 "," 57,500 "," 45,000 "," 105,000 "," 38,500 "," 31,833 "," 17,250 "," 15,000 "," 8,750 "," 15,750 "," 63,500 "," 7,500 "," 18,000 "," 22,000 "
14/03/2024," 16,000 "," 13,300 "," 12,850 "," 34,000 "," 42,000 "," 57,500 "," 45,000 "," 105,000 "," 37,500 "," 31,833 "," 17,250 "," 15,000 "," 8,750 "," 15,750 "," 63,500 "," 7,500 "," 18,000 "," 22,000 "
15/03/2024," 15,750 "," 13,300 "," 12,850 "," 30,000 "," 39,000 "," 53,000 "," 34,000 "," 105,000 "," 37,500 "," 31,833 "," 17,250 "," 15,000 "," 8,750 "," 15,750 "," 62,000 "," 7,500 "," 18,000 "," 30,000 "
16/03/2024," 15,750 "," 13,300 "," 12,850 "," 29,000 "," 39,000 "," 47,000 "," 34,000 "," 105,000 "," 39,000 "," 31,833 "," 17,250 "," 15,000 "," 8,750 "," 16,200 "," 58,000 "," 7,500 "," 18,000 "," 30,000 "
17/03/2024," 15,750 "," 13,300 "," 12,850 "," 32,000 "," 39,000 "," 56,000 "," 35,000 "," 105,000 "," 39,500 "," 31,833 "," 17,250 "," 15,000 "," 8,750 "," 16,425 "," 56,000 "," 7,500 "," 16,000 "," 30,000 "
18/03/2024," 15,750 "," 13,133 "," 12,850 "," 31,000 "," 39,000 "," 49,000 "," 34,000 "," 105,000 "," 39,500 "," 31,500 "," 17,250 "," 15,250 "," 8,750 "," 16,425 "," 54,000 "," 7,500 "," 18,000 "," 30,000 "
19/03/2024," 15,750 "," 13,133 "," 12,850 "," 31,000 "," 39,000 "," 49,000 "," 34,000 "," 105,000 "," 39,500 "," 31,500 "," 17,250 "," 15,250 "," 8,750 "," 16,425 "," 54,000 "," 7,500 "," 18,000 "," 30,000 "
20/03/2024," 15,750 "," 13,133 "," 12,850 "," 31,000 "," 39,000 "," 49,000 "," 34,000 "," 105,000 "," 39,500 "," 31,500 "," 17,250 "," 15,250 "," 8,750 "," 16,425 "," 54,000 "," 7,500 "," 18,000 "," 30,000 "
21/03/2024," 15,750 "," 13,133 "," 12,850 "," 32,000 "," 39,000 "," 47,000 "," 31,000 "," 105,000 "," 39,500 "," 31,333 "," 17,000 "," 15,250 "," 8,750 "," 16,650 "," 52,000 "," 7,500 "," 18,000 "," 30,000 "
22/03/2024," 15,750 "," 13,133 "," 12,850 "," 31,000 "," 39,000 "," 38,000 "," 29,000 "," 105,000 "," 39,500 "," 30,833 "," 17,250 "," 15,250 "," 8,750 "," 16,650 "," 45,000 "," 7,500 "," 18,000 "," 30,000 "
23/03/2024," 15,500 "," 13,133 "," 12,850 "," 35,000 "," 39,000 "," 31,000 "," 29,000 "," 105,000 "," 39,500 "," 30,833 "," 17,000 "," 15,250 "," 8,750 "," 16,650 "," 55,000 "," 7,500 "," 18,000 "," 30,000 "
24/03/2024," 15,500 "," 13,133 "," 12,850 "," 33,000 "," 39,000 "," 36,000 "," 33,000 "," 105,000 "," 39,000 "," 30,833 "," 17,000 "," 15,250 "," 8,750 "," 16,650 "," 47,000 "," 7,500 "," 16,000 "," 29,000 "
25/03/2024," 15,500 "," 13,133 "," 12,850 "," 32,000 "," 38,000 "," 37,000 "," 25,000 "," 110,000 "," 38,000 "," 29,167 "," 17,250 "," 15,250 "," 8,750 "," 16,650 "," 40,000 "," 7,500 "," 16,000 "," 30,000 "
26/03/2024," 15,500 "," 13,133 "," 12,850 "," 32,000 "," 38,000 "," 37,000 "," 25,000 "," 110,000 "," 38,000 "," 28,833 "," 17,250 "," 15,250 "," 8,750 "," 16,650 "," 40,000 "," 7,500 "," 16,000 "," 30,000 "
27/03/2024," 15,500 "," 13,133 "," 12,850 "," 33,000 "," 38,000 "," 37,000 "," 25,000 "," 110,000 "," 38,000 "," 28,167 "," 17,250 "," 15,250 "," 8,750 "," 16,650 "," 40,000 "," 7,500 "," 16,000 "," 30,000 "
28/03/2024," 15,500 "," 13,133 "," 12,400 "," 33,000 "," 40,000 "," 35,000 "," 24,000 "," 110,000 "," 37,000 "," 27,833 "," 17,250 "," 15,250 "," 8,750 "," 16,650 "," 39,000 "," 7,500 "," 16,000 "," 30,000 "
29/03/2024," 15,500 "," 13,133 "," 12,400 "," 33,000 "," 40,000 "," 37,500 "," 24,000 "," 110,000 "," 37,000 "," 27,500 "," 17,000 "," 15,250 "," 8,750 "," 16,425 "," 38,000 "," 7,500 "," 16,000 "," 30,000 "
30/03/2024," 15,500 "," 13,133 "," 12,400 "," 33,000 "," 40,000 "," 30,000 "," 24,000 "," 110,000 "," 37,000 "," 27,500 "," 17,000 "," 15,250 "," 8,750 "," 16,425 "," 40,000 "," 7,500 "," 16,000 "," 30,000 "
31/03/2024," 15,500 "," 13,133 "," 12,400 "," 33,000 "," 40,000 "," 30,000 "," 24,000 "," 110,000 "," 37,000 "," 27,500 "," 17,000 "," 15,250 "," 8,750 "," 16,425 "," 40,000 "," 7,500 "," 16,000 "," 30,000 "
01/04/2024," 15,500 "," 13,133 "," 12,400 "," 36,000 "," 40,000 "," 32,500 "," 24,000 "," 110,000 "," 37,000 "," 26,500 "," 17,000 "," 15,750 "," 8,750 "," 16,200 "," 42,000 "," 7,500 "," 16,000 "," 30,000 "
02/04/2024," 15,250 "," 12,967 "," 12,400 "," 39,000 "," 39,000 "," 36,500 "," 31,000 "," 110,000 "," 37,250 "," 26,333 "," 17,000 "," 16,000 "," 8,750 "," 16,200 "," 46,000 "," 7,500 "," 16,000 "," 33,000 "
03/04/2024," 15,000 "," 12,967 "," 12,400 "," 41,000 "," 42,000 "," 38,500 "," 27,000 "," 110,000 "," 37,250 "," 26,333 "," 17,000 "," 16,000 "," 8,750 "," 16,200 "," 47,000 "," 7,500 "," 15,000 "," 34,000 "
04/04/2024," 15,000 "," 12,967 "," 12,400 "," 41,000 "," 42,000 "," 38,500 "," 27,000 "," 110,000 "," 37,250 "," 26,333 "," 17,000 "," 16,000 "," 8,750 "," 16,200 "," 47,000 "," 7,500 "," 15,000 "," 34,000 "
05/04/2024," 15,000 "," 12,967 "," 12,400 "," 46,000 "," 41,000 "," 37,000 "," 29,000 "," 110,000 "," 37,000 "," 26,167 "," 17,000 "," 16,000 "," 8,750 "," 16,200 "," 42,000 "," 7,500 "," 16,000 "," 33,000 "
06/04/2024," 15,000 "," 12,967 "," 12,400 "," 51,000 "," 42,000 "," 44,000 "," 38,000 "," 110,000 "," 37,500 "," 26,166 "," 17,000 "," 16,000 "," 8,750 "," 16,200 "," 48,000 "," 7,500 "," 18,000 "," 34,000 "
07/04/2024," 15,000 "," 12,967 "," 12,400 "," 52,000 "," 43,000 "," 55,000 "," 32,000 "," 110,000 "," 38,000 "," 26,166 "," 17,750 "," 16,250 "," 8,750 "," 15,975 "," 63,000 "," 7,500 "," 16,000 "," 34,000 "
08/04/2024," 15,000 "," 12,967 "," 12,400 "," 51,000 "," 43,000 "," 55,000 "," 34,000 "," 110,000 "," 38,000 "," 26,166 "," 17,750 "," 16,250 "," 8,750 "," 15,975 "," 64,000 "," 7,500 "," 16,000 "," 34,000 "
09/04/2024," 15,000 "," 12,800 "," 12,400 "," 58,000 "," 42,000 "," 65,000 "," 35,000 "," 120,000 "," 40,000 "," 26,000 "," 17,500 "," 16,000 "," 8,750 "," 15,975 "," 73,000 "," 7,500 "," 16,000 "," 34,000 "
10/04/2024," 15,000 "," 12,800 "," 12,400 "," 58,000 "," 42,000 "," 65,000 "," 35,000 "," 120,000 "," 40,000 "," 26,000 "," 17,500 "," 16,000 "," 8,750 "," 15,975 "," 73,000 "," 7,500 "," 16,000 "," 34,000 "
11/04/2024," 15,000 "," 12,800 "," 12,400 "," 58,000 "," 42,000 "," 65,000 "," 35,000 "," 120,000 "," 40,000 "," 26,000 "," 17,500 "," 16,000 "," 8,750 "," 15,975 "," 73,000 "," 7,500 "," 16,000 "," 34,000 "
12/04/2024," 15,000 "," 12,800 "," 12,400 "," 58,000 "," 42,000 "," 58,000 "," 42,000 "," 120,000 "," 42,000 "," 26,333 "," 17,250 "," 16,250 "," 8,750 "," 15,975 "," 62,000 "," 7,500 "," 16,000 "," 34,000 "
13/04/2024," 15,000 "," 12,800 "," 12,400 "," 58,000 "," 42,000 "," 48,000 "," 40,000 "," 120,000 "," 41,500 "," 26,333 "," 17,500 "," 16,250 "," 8,750 "," 15,975 "," 60,000 "," 7,500 "," 16,000 "," 34,000 "
14/04/2024," 15,000 "," 12,800 "," 12,400 "," 58,000 "," 42,000 "," 48,000 "," 40,000 "," 120,000 "," 41,000 "," 26,000 "," 17,500 "," 16,250 "," 8,750 "," 15,975 "," 60,000 "," 7,500 "," 16,000 "," 34,000 "
15/04/2024," 15,000 "," 12,800 "," 12,400 "," 58,000 "," 42,000 "," 32,000 "," 31,000 "," 120,000 "," 40,000 "," 26,000 "," 17,500 "," 16,250 "," 8,750 "," 15,975 "," 44,000 "," 7,500 "," 16,000 "," 33,000 "
16/04/2024," 15,000 "," 12,633 "," 12,400 "," 58,000 "," 40,000 "," 33,000 "," 29,500 "," 120,000 "," 40,000 "," 26,333 "," 17,500 "," 16,500 "," 8,750 "," 15,975 "," 44,000 "," 6,500 "," 16,000 "," 33,000 "
17/04/2024," 15,000 "," 12,633 "," 12,400 "," 63,500 "," 40,000 "," 34,500 "," 24,500 "," 110,000 "," 38,500 "," 26,333 "," 17,500 "," 16,250 "," 8,750 "," 15,975 "," 40,000 "," 6,500 "," 16,000 "," 26,000 "
18/04/2024," 15,000 "," 12,633 "," 12,400 "," 63,500 "," 40,000 "," 34,500 "," 24,500 "," 110,000 "," 38,000 "," 26,333 "," 17,500 "," 16,250 "," 8,750 "," 15,975 "," 38,000 "," 6,500 "," 16,000 "," 24,000 "
19/04/2024," 15,000 "," 12,633 "," 12,400 "," 66,000 "," 40,000 "," 32,000 "," 27,000 "," 110,000 "," 36,500 "," 26,667 "," 17,500 "," 16,250 "," 8,750 "," 15,975 "," 41,000 "," 6,500 "," 16,000 "," 24,000 "
20/04/2024," 15,000 "," 12,633 "," 12,400 "," 65,000 "," 40,000 "," 33,000 "," 27,000 "," 110,000 "," 36,000 "," 26,667 "," 17,500 "," 16,250 "," 8,750 "," 15,975 "," 42,500 "," 6,500 "," 16,000 "," 24,000 "
21/04/2024," 15,000 "," 12,633 "," 12,400 "," 65,000 "," 40,000 "," 33,000 "," 27,000 "," 110,000 "," 36,000 "," 26,667 "," 17,500 "," 16,250 "," 8,750 "," 15,975 "," 40,000 "," 6,500 "," 16,000 "," 22,000 "
22/04/2024," 15,000 "," 12,633 "," 12,400 "," 63,000 "," 40,000 "," 47,000 "," 34,000 "," 110,000 "," 36,000 "," 26,667 "," 17,750 "," 16,250 "," 8,750 "," 15,975 "," 53,000 "," 6,500 "," 18,000 "," 28,000 "
23/04/2024," 15,000 "," 12,633 "," 12,400 "," 63,000 "," 40,000 "," 44,000 "," 34,000 "," 110,000 "," 34,500 "," 26,667 "," 17,750 "," 16,250 "," 8,750 "," 15,975 "," 53,000 "," 6,500 "," 18,000 "," 28,000 "
24/04/2024," 15,000 "," 12,633 "," 12,400 "," 62,000 "," 40,000 "," 44,500 "," 34,000 "," 110,000 "," 34,500 "," 26,667 "," 17,750 "," 16,250 "," 8,750 "," 15,975 "," 55,000 "," 6,500 "," 18,000 "," 28,000 "
25/04/2024," 15,000 "," 12,633 "," 12,400 "," 60,500 "," 40,000 "," 40,000 "," 30,000 "," 110,000 "," 34,500 "," 26,667 "," 17,750 "," 16,250 "," 8,750 "," 15,975 "," 53,000 "," 6,500 "," 18,000 "," 20,000 "
26/04/2024," 15,000 "," 12,633 "," 12,400 "," 60,500 "," 40,000 "," 40,000 "," 31,000 "," 110,000 "," 34,500 "," 26,667 "," 17,750 "," 16,250 "," 8,750 "," 15,975 "," 54,000 "," 6,500 "," 18,000 "," 20,000 "
27/04/2024," 15,000 "," 12,633 "," 12,400 "," 58,000 "," 40,000 "," 44,000 "," 32,000 "," 110,000 "," 33,500 "," 26,667 "," 17,750 "," 16,250 "," 8,750 "," 15,975 "," 60,000 "," 6,500 "," 18,000 "," 21,500 "
28/04/2024," 15,000 "," 12,633 "," 12,500 "," 58,000 "," 40,000 "," 42,000 "," 32,000 "," 110,000 "," 33,500 "," 26,667 "," 17,750 "," 16,250 "," 8,750 "," 15,975 "," 58,000 "," 6,500 "," 18,000 "," 20,000 "
29/04/2024," 15,000 "," 12,633 "," 12,500 "," 58,000 "," 40,000 "," 50,000 "," 25,000 "," 110,000 "," 33,500 "," 26,667 "," 17,750 "," 16,250 "," 8,750 "," 15,975 "," 62,000 "," 6,500 "," 18,000 "," 22,000 "
30/04/2024," 14,750 "," 12,633 "," 12,500 "," 58,000 "," 40,000 "," 57,000 "," 23,000 "," 110,000 "," 33,500 "," 27,333 "," 17,750 "," 16,250 "," 8,750 "," 15,975 "," 62,500 "," 6,500 "," 18,000 "," 20,000 "
01/05/2024," 14,750 "," 12,633 "," 12,500 "," 58,000 "," 40,000 "," 57,000 "," 23,000 "," 110,000 "," 33,500 "," 27,500 "," 17,750 "," 16,250 "," 8,750 "," 15,975 "," 59,000 "," 6,500 "," 18,000 "," 20,000 "
02/05/2024," 14,750 "," 12,300 "," 12,500 "," 56,000 "," 40,000 "," 56,000 "," 24,000 "," 110,000 "," 33,500 "," 29,000 "," 17,500 "," 16,250 "," 8,750 "," 15,750 "," 65,000 "," 6,500 "," 18,000 "," 20,000 "
03/05/2024," 14,750 "," 12,300 "," 12,500 "," 56,000 "," 40,000 "," 56,000 "," 24,000 "," 110,000 "," 33,500 "," 29,000 "," 17,500 "," 16,250 "," 8,750 "," 15,750 "," 65,000 "," 6,500 "," 18,000 "," 20,000 "
04/05/2024," 14,750 "," 12,300 "," 12,500 "," 56,000 "," 40,000 "," 53,000 "," 24,000 "," 110,000 "," 33,500 "," 29,000 "," 17,500 "," 16,250 "," 8,750 "," 15,750 "," 65,000 "," 6,500 "," 18,000 "," 20,000 "
05/05/2024," 14,750 "," 12,300 "," 12,500 "," 53,000 "," 40,000 "," 53,000 "," 24,000 "," 110,000 "," 33,500 "," 29,000 "," 17,500 "," 16,250 "," 8,750 "," 15,750 "," 60,000 "," 6,500 "," 18,000 "," 18,000 "
06/05/2024," 14,750 "," 12,300 "," 12,500 "," 51,000 "," 41,000 "," 38,000 "," 21,000 "," 110,000 "," 35,000 "," 29,000 "," 17,250 "," 16,250 "," 8,750 "," 15,750 "," 60,000 "," 6,500 "," 16,000 "," 16,000 "
07/05/2024," 14,750 "," 12,300 "," 12,500 "," 50,000 "," 41,000 "," 38,000 "," 21,000 "," 110,000 "," 35,500 "," 29,000 "," 17,250 "," 16,250 "," 8,750 "," 15,750 "," 60,000 "," 6,500 "," 16,000 "," 16,000 "
08/05/2024," 14,750 "," 12,300 "," 11,000 "," 47,000 "," 41,000 "," 40,000 "," 19,000 "," 110,000 "," 36,500 "," 29,000 "," 17,250 "," 16,250 "," 8,750 "," 15,750 "," 59,000 "," 6,500 "," 16,000 "," 16,000 "
09/05/2024," 14,750 "," 12,300 "," 11,000 "," 47,000 "," 40,000 "," 40,000 "," 19,000 "," 110,000 "," 36,500 "," 29,000 "," 17,250 "," 16,250 "," 8,750 "," 15,750 "," 56,000 "," 6,500 "," 16,000 "," 16,000 "
10/05/2024," 14,750 "," 12,300 "," 11,000 "," 47,000 "," 40,000 "," 40,000 "," 19,000 "," 110,000 "," 36,500 "," 29,000 "," 17,250 "," 16,250 "," 8,750 "," 15,750 "," 56,000 "," 6,500 "," 16,000 "," 16,000 "
11/05/2024," 14,750 "," 12,300 "," 11,000 "," 47,000 "," 41,000 "," 37,000 "," 22,000 "," 110,000 "," 37,000 "," 29,000 "," 17,250 "," 16,250 "," 8,750 "," 15,525 "," 43,000 "," 6,500 "," 16,000 "," 20,000 "
12/05/2024," 14,750 "," 12,300 "," 11,000 "," 47,000 "," 41,000 "," 37,000 "," 22,000 "," 105,000 "," 37,000 "," 29,000 "," 17,250 "," 16,250 "," 8,750 "," 15,525 "," 43,000 "," 6,500 "," 16,000 "," 20,000 "
13/05/2024," 14,250 "," 12,133 "," 11,000 "," 47,000 "," 41,000 "," 40,000 "," 20,000 "," 105,000 "," 37,000 "," 28,833 "," 17,250 "," 16,250 "," 8,750 "," 15,750 "," 44,000 "," 6,500 "," 16,000 "," 22,000 "
14/05/2024," 14,250 "," 12,133 "," 11,000 "," 47,000 "," 41,000 "," 40,000 "," 20,000 "," 105,000 "," 37,000 "," 28,833 "," 17,250 "," 16,250 "," 8,750 "," 15,750 "," 44,000 "," 6,500 "," 16,000 "," 22,000 "
15/05/2024," 14,250 "," 12,133 "," 11,000 "," 46,000 "," 40,000 "," 36,000 "," 26,000 "," 105,000 "," 36,000 "," 28,833 "," 17,250 "," 16,250 "," 8,750 "," 15,750 "," 43,000 "," 6,500 "," 16,000 "," 24,000 "
16/05/2024," 14,250 "," 12,133 "," 11,000 "," 45,500 "," 40,000 "," 35,000 "," 27,000 "," 105,000 "," 36,000 "," 28,833 "," 17,250 "," 16,250 "," 8,750 "," 15,750 "," 42,000 "," 6,500 "," 16,000 "," 24,000 "
17/05/2024," 14,250 "," 12,133 "," 11,000 "," 44,000 "," 40,000 "," 38,000 "," 24,000 "," 105,000 "," 35,500 "," 29,000 "," 16,750 "," 16,250 "," 8,750 "," 15,750 "," 43,000 "," 6,500 "," 16,000 "," 26,000 "
18/05/2024," 14,000 "," 12,133 "," 11,000 "," 51,000 "," 40,000 "," 38,000 "," 24,000 "," 105,000 "," 35,000 "," 29,000 "," 16,750 "," 16,250 "," 8,750 "," 15,525 "," 42,000 "," 6,500 "," 16,000 "," 24,000 "
19/05/2024," 14,000 "," 12,133 "," 11,000 "," 50,000 "," 40,000 "," 34,000 "," 23,000 "," 105,000 "," 35,000 "," 29,000 "," 16,750 "," 16,250 "," 8,750 "," 15,525 "," 42,000 "," 6,500 "," 16,000 "," 24,000 "
20/05/2024," 14,000 "," 12,133 "," 10,900 "," 50,000 "," 40,000 "," 34,000 "," 23,000 "," 105,000 "," 35,000 "," 29,000 "," 16,750 "," 16,250 "," 8,750 "," 15,525 "," 42,000 "," 6,500 "," 16,000 "," 24,000 "
21/05/2024," 14,000 "," 12,133 "," 10,900 "," 52,500 "," 40,000 "," 40,000 "," 26,000 "," 105,000 "," 35,000 "," 29,000 "," 16,500 "," 16,500 "," 8,750 "," 15,300 "," 48,000 "," 6,500 "," 16,000 "," 20,000 "
22/05/2024," 14,000 "," 12,133 "," 10,900 "," 52,500 "," 40,000 "," 40,000 "," 24,000 "," 105,000 "," 35,000 "," 29,000 "," 16,500 "," 16,500 "," 8,750 "," 15,300 "," 50,000 "," 6,500 "," 16,000 "," 20,000 "
23/05/2024," 14,000 "," 12,133 "," 10,900 "," 51,000 "," 40,000 "," 41,000 "," 25,000 "," 105,000 "," 35,000 "," 29,000 "," 16,500 "," 16,500 "," 8,750 "," 15,300 "," 46,000 "," 6,500 "," 16,000 "," 18,000 "
24/05/2024," 14,000 "," 12,133 "," 10,900 "," 45,000 "," 40,000 "," 42,000 "," 25,000 "," 105,000 "," 35,000 "," 28,500 "," 16,500 "," 16,500 "," 8,750 "," 15,300 "," 44,000 "," 6,500 "," 18,000 "," 18,000 "
25/05/2024," 14,000 "," 12,133 "," 10,900 "," 43,000 "," 40,000 "," 42,000 "," 25,000 "," 105,000 "," 35,000 "," 28,000 "," 16,500 "," 16,500 "," 8,750 "," 15,300 "," 45,000 "," 6,500 "," 20,000 "," 18,000 "
26/05/2024," 14,000 "," 12,133 "," 10,900 "," 48,000 "," 40,000 "," 42,000 "," 24,500 "," 105,000 "," 35,000 "," 28,000 "," 16,500 "," 16,500 "," 8,750 "," 15,300 "," 46,000 "," 6,500 "," 18,000 "," 18,000 "
27/05/2024," 14,000 "," 12,133 "," 10,900 "," 48,000 "," 40,000 "," 43,000 "," 26,000 "," 105,000 "," 35,000 "," 28,000 "," 16,500 "," 16,500 "," 8,750 "," 15,300 "," 46,000 "," 6,500 "," 18,000 "," 18,000 "
28/05/2024," 14,000 "," 12,133 "," 10,900 "," 49,000 "," 40,000 "," 42,000 "," 29,000 "," 105,000 "," 34,000 "," 28,000 "," 16,500 "," 16,500 "," 8,750 "," 15,525 "," 45,000 "," 6,500 "," 20,000 "," 18,000 "
29/05/2024," 14,000 "," 12,133 "," 10,900 "," 49,000 "," 40,000 "," 42,000 "," 29,000 "," 105,000 "," 34,000 "," 27,333 "," 16,500 "," 16,500 "," 8,750 "," 15,525 "," 45,000 "," 6,500 "," 20,000 "," 18,000 "
30/05/2024," 14,000 "," 12,133 "," 10,900 "," 49,000 "," 40,000 "," 42,000 "," 29,000 "," 105,000 "," 34,000 "," 27,333 "," 16,500 "," 16,500 "," 8,750 "," 15,525 "," 45,000 "," 6,500 "," 20,000 "," 18,000 "
31/05/2024," 14,000 "," 12,133 "," 10,900 "," 44,000 "," 38,000 "," 39,000 "," 29,000 "," 105,000 "," 33,000 "," 27,333 "," 16,500 "," 16,500 "," 8,750 "," 15,525 "," 45,000 "," 6,500 "," 20,000 "," 18,000 "
01/06/2024," 14,000 "," 12,133 "," 10,900 "," 43,000 "," 38,000 "," 45,000 "," 33,000 "," 105,000 "," 32,500 "," 27,333 "," 16,500 "," 16,500 "," 8,750 "," 15,525 "," 50,000 "," 6,500 "," 20,000 "," 20,000 "
02/06/2024," 14,000 "," 12,133 "," 10,900 "," 44,000 "," 39,000 "," 43,000 "," 33,000 "," 105,000 "," 32,000 "," 27,333 "," 16,500 "," 16,500 "," 8,750 "," 15,525 "," 49,000 "," 6,500 "," 20,000 "," 20,000 "
03/06/2024," 14,000 "," 12,133 "," 10,900 "," 43,000 "," 39,000 "," 43,000 "," 32,000 "," 105,000 "," 32,000 "," 27,333 "," 16,500 "," 16,500 "," 8,750 "," 15,525 "," 50,000 "," 6,500 "," 20,000 "," 18,000 "
04/06/2024," 14,000 "," 12,133 "," 10,900 "," 39,000 "," 39,000 "," 42,000 "," 28,000 "," 105,000 "," 33,000 "," 26,833 "," 16,250 "," 16,500 "," 8,750 "," 15,525 "," 46,000 "," 6,500 "," 20,000 "," 18,000 "
05/06/2024," 14,000 "," 12,133 "," 10,900 "," 40,000 "," 39,000 "," 42,000 "," 28,500 "," 105,000 "," 33,000 "," 26,833 "," 16,250 "," 16,500 "," 8,750 "," 15,525 "," 46,000 "," 6,500 "," 20,000 "," 18,000 "
06/06/2024," 14,000 "," 12,133 "," 10,900 "," 40,000 "," 39,000 "," 44,000 "," 33,000 "," 105,000 "," 32,000 "," 26,833 "," 16,250 "," 16,500 "," 8,750 "," 15,525 "," 49,000 "," 6,000 "," 20,000 "," 15,000 "
07/06/2024," 14,000 "," 12,133 "," 10,900 "," 40,000 "," 39,000 "," 43,000 "," 33,000 "," 105,000 "," 32,500 "," 26,833 "," 16,250 "," 16,500 "," 8,750 "," 15,525 "," 49,000 "," 6,000 "," 20,000 "," 15,000 "
08/06/2024," 14,000 "," 12,133 "," 10,900 "," 37,000 "," 38,000 "," 46,000 "," 43,000 "," 105,000 "," 31,500 "," 26,500 "," 16,000 "," 16,250 "," 8,750 "," 15,525 "," 49,000 "," 6,000 "," 20,000 "," 12,000 "
09/06/2024," 14,000 "," 12,133 "," 10,900 "," 36,000 "," 39,000 "," 49,000 "," 39,000 "," 105,000 "," 31,500 "," 26,500 "," 16,000 "," 16,250 "," 8,750 "," 15,525 "," 55,000 "," 6,000 "," 20,000 "," 12,000 "
10/06/2024," 14,000 "," 12,133 "," 10,900 "," 37,000 "," 38,000 "," 46,000 "," 39,000 "," 105,000 "," 31,500 "," 26,500 "," 16,000 "," 16,250 "," 8,250 "," 15,525 "," 52,000 "," 6,000 "," 20,000 "," 12,000 "
11/06/2024," 14,250 "," 12,300 "," 10,900 "," 38,000 "," 38,000 "," 47,000 "," 37,000 "," 105,000 "," 32,000 "," 26,500 "," 16,000 "," 16,250 "," 8,250 "," 15,525 "," 52,000 "," 6,000 "," 20,000 "," 12,000 "
12/06/2024," 14,500 "," 12,467 "," 10,900 "," 35,000 "," 38,000 "," 47,000 "," 35,000 "," 110,000 "," 33,000 "," 26,500 "," 16,000 "," 16,250 "," 8,250 "," 15,525 "," 52,000 "," 6,000 "," 20,000 "," 12,000 "
13/06/2024," 14,500 "," 12,633 "," 10,900 "," 36,000 "," 39,000 "," 48,000 "," 34,000 "," 110,000 "," 33,000 "," 26,500 "," 16,000 "," 16,250 "," 8,250 "," 15,525 "," 52,000 "," 6,000 "," 20,000 "," 12,000 "
14/06/2024," 14,500 "," 12,633 "," 10,600 "," 37,000 "," 38,000 "," 49,000 "," 32,000 "," 110,000 "," 33,000 "," 27,000 "," 16,000 "," 16,250 "," 8,250 "," 15,525 "," 58,000 "," 6,000 "," 20,000 "," 12,000 "
15/06/2024," 15,000 "," 12,633 "," 10,600 "," 35,000 "," 38,000 "," 51,000 "," 29,000 "," 110,000 "," 33,000 "," 27,000 "," 16,000 "," 16,000 "," 8,750 "," 15,525 "," 58,000 "," 6,000 "," 20,000 "," 10,000 "
16/06/2024," 15,000 "," 12,633 "," 10,600 "," 35,000 "," 38,000 "," 51,000 "," 28,000 "," 110,000 "," 34,000 "," 27,000 "," 16,000 "," 16,000 "," 8,750 "," 15,525 "," 55,500 "," 6,000 "," 22,000 "," 10,000 "
17/06/2024," 15,000 "," 12,633 "," 10,600 "," 35,000 "," 38,000 "," 51,000 "," 28,000 "," 110,000 "," 34,000 "," 27,000 "," 16,000 "," 16,000 "," 8,750 "," 15,525 "," 55,500 "," 6,000 "," 22,000 "," 10,000 "
18/06/2024," 15,000 "," 12,633 "," 10,600 "," 35,000 "," 38,000 "," 51,000 "," 28,000 "," 110,000 "," 34,000 "," 27,000 "," 16,000 "," 16,000 "," 8,750 "," 15,525 "," 55,500 "," 6,000 "," 22,000 "," 10,000 "
19/06/2024," 15,000 "," 12,633 "," 10,600 "," 36,000 "," 38,000 "," 49,000 "," 28,000 "," 110,000 "," 35,000 "," 27,000 "," 16,000 "," 16,250 "," 8,250 "," 15,525 "," 61,000 "," 6,000 "," 22,000 "," 10,000 "
20/06/2024," 15,000 "," 12,633 "," 10,600 "," 36,000 "," 38,000 "," 49,000 "," 29,000 "," 110,000 "," 35,000 "," 27,000 "," 16,000 "," 16,250 "," 8,250 "," 15,525 "," 61,000 "," 6,000 "," 22,000 "," 10,000 "
21/06/2024," 15,000 "," 12,633 "," 10,600 "," 36,000 "," 38,000 "," 49,000 "," 29,000 "," 110,000 "," 33,000 "," 27,000 "," 16,000 "," 16,250 "," 8,250 "," 15,525 "," 59,000 "," 6,000 "," 22,000 "," 10,000 "
22/06/2024," 15,000 "," 12,633 "," 10,600 "," 35,000 "," 37,000 "," 51,000 "," 29,000 "," 110,000 "," 33,000 "," 27,000 "," 16,000 "," 16,250 "," 8,250 "," 15,525 "," 59,000 "," 6,000 "," 22,000 "," 10,000 "
23/06/2024," 15,000 "," 12,633 "," 10,600 "," 35,000 "," 37,000 "," 51,000 "," 29,000 "," 110,000 "," 35,000 "," 27,000 "," 16,000 "," 16,250 "," 8,250 "," 15,525 "," 59,000 "," 6,000 "," 22,000 "," 10,000 "
24/06/2024," 15,000 "," 12,633 "," 10,600 "," 33,500 "," 36,500 "," 38,000 "," 28,000 "," 110,000 "," 34,500 "," 27,000 "," 16,000 "," 16,250 "," 8,250 "," 15,750 "," 46,000 "," 6,000 "," 22,000 "," 10,000 "
25/06/2024," 15,000 "," 12,633 "," 10,400 "," 33,500 "," 37,500 "," 39,000 "," 28,000 "," 110,000 "," 34,500 "," 27,000 "," 16,000 "," 16,250 "," 8,250 "," 15,750 "," 44,000 "," 6,000 "," 22,000 "," 8,000 "
26/06/2024," 15,000 "," 12,633 "," 10,400 "," 34,000 "," 38,000 "," 32,000 "," 28,000 "," 110,000 "," 34,000 "," 27,000 "," 16,000 "," 16,000 "," 8,250 "," 15,750 "," 37,000 "," 6,000 "," 24,000 "," 8,000 "
27/06/2024," 15,000 "," 12,633 "," 10,400 "," 34,000 "," 38,000 "," 32,000 "," 28,000 "," 110,000 "," 34,000 "," 27,000 "," 16,000 "," 16,000 "," 8,250 "," 15,750 "," 36,000 "," 6,000 "," 24,000 "," 8,000 "
28/06/2024," 15,000 "," 12,466 "," 10,400 "," 32,000 "," 38,000 "," 30,000 "," 26,000 "," 110,000 "," 33,500 "," 27,000 "," 16,000 "," 16,000 "," 8,250 "," 15,750 "," 36,000 "," 6,000 "," 24,000 "," 8,000 "
29/06/2024," 15,000 "," 12,466 "," 10,400 "," 32,000 "," 38,000 "," 30,000 "," 26,000 "," 110,000 "," 33,000 "," 26,833 "," 16,000 "," 16,000 "," 8,250 "," 15,750 "," 36,000 "," 6,000 "," 24,000 "," 8,000 "
30/06/2024," 15,000 "," 12,466 "," 10,400 "," 33,000 "," 37,000 "," 30,000 "," 31,000 "," 110,000 "," 33,000 "," 26,500 "," 16,000 "," 16,000 "," 8,250 "," 15,750 "," 38,000 "," 6,000 "," 24,000 "," 8,000 "
01/07/2024," 15,000 "," 12,466 "," 10,400 "," 32,000 "," 37,000 "," 31,000 "," 32,000 "," 110,000 "," 33,000 "," 26,500 "," 16,000 "," 16,000 "," 8,250 "," 15,750 "," 34,000 "," 6,000 "," 24,000 "," 6,000 "
02/07/2024," 15,000 "," 12,466 "," 10,400 "," 31,500 "," 37,000 "," 30,000 "," 31,000 "," 110,000 "," 33,000 "," 26,500 "," 16,000 "," 16,000 "," 8,250 "," 15,750 "," 32,000 "," 6,000 "," 24,000 "," 6,000 "
03/07/2024," 15,000 "," 12,633 "," 10,400 "," 31,000 "," 38,000 "," 32,000 "," 44,000 "," 110,000 "," 32,500 "," 26,167 "," 16,000 "," 16,000 "," 8,250 "," 15,750 "," 37,000 "," 6,000 "," 22,000 "," 8,000 "
04/07/2024," 15,000 "," 12,633 "," 10,400 "," 28,000 "," 36,000 "," 36,000 "," 44,000 "," 110,000 "," 32,500 "," 26,167 "," 16,000 "," 16,000 "," 8,250 "," 15,750 "," 36,000 "," 6,000 "," 22,000 "," 8,000 "
05/07/2024," 15,000 "," 12,633 "," 10,400 "," 29,000 "," 36,000 "," 36,000 "," 44,000 "," 110,000 "," 32,500 "," 26,167 "," 16,000 "," 16,000 "," 8,250 "," 15,750 "," 36,000 "," 6,000 "," 22,000 "," 8,000 "
06/07/2024," 15,000 "," 12,633 "," 10,400 "," 32,500 "," 37,000 "," 38,000 "," 44,000 "," 110,000 "," 32,500 "," 26,166 "," 16,000 "," 16,000 "," 8,250 "," 15,750 "," 36,000 "," 6,000 "," 22,000 "," 6,000 "
07/07/2024," 15,000 "," 12,633 "," 10,400 "," 32,500 "," 37,000 "," 38,000 "," 44,000 "," 110,000 "," 32,500 "," 26,166 "," 16,000 "," 16,000 "," 8,250 "," 15,750 "," 36,000 "," 6,000 "," 22,000 "," 6,000 "
08/07/2024," 15,000 "," 12,633 "," 10,400 "," 32,000 "," 37,000 "," 36,000 "," 50,000 "," 110,000 "," 32,500 "," 26,000 "," 16,250 "," 16,000 "," 8,250 "," 15,750 "," 37,000 "," 6,000 "," 20,000 "," 6,000 "
09/07/2024," 15,000 "," 12,467 "," 10,400 "," 31,000 "," 37,000 "," 34,000 "," 46,000 "," 110,000 "," 32,500 "," 26,000 "," 16,250 "," 16,000 "," 8,250 "," 15,750 "," 37,000 "," 6,000 "," 22,000 "," 6,000 "
10/07/2024," 15,000 "," 12,467 "," 10,000 "," 27,000 "," 37,000 "," 33,000 "," 50,000 "," 110,000 "," 32,000 "," 26,000 "," 16,250 "," 16,000 "," 8,250 "," 15,750 "," 37,000 "," 6,000 "," 20,000 "," 6,000 "
11/07/2024," 15,000 "," 12,467 "," 10,000 "," 27,500 "," 37,000 "," 36,000 "," 53,000 "," 110,000 "," 33,000 "," 26,150 "," 16,250 "," 16,000 "," 8,250 "," 15,750 "," 37,000 "," 6,000 "," 20,000 "," 6,000 "
12/07/2024," 15,000 "," 12,467 "," 10,000 "," 27,500 "," 37,000 "," 36,000 "," 52,000 "," 110,000 "," 33,000 "," 26,333 "," 16,250 "," 16,000 "," 8,250 "," 15,750 "," 37,000 "," 6,000 "," 20,000 "," 6,000 "
13/07/2024," 14,750 "," 12,466 "," 10,000 "," 26,000 "," 37,000 "," 36,000 "," 60,000 "," 110,000 "," 33,500 "," 26,500 "," 16,000 "," 16,000 "," 8,250 "," 15,750 "," 38,000 "," 6,000 "," 20,000 "," 6,000 "
14/07/2024," 14,750 "," 12,466 "," 10,000 "," 26,000 "," 37,000 "," 35,000 "," 62,000 "," 110,000 "," 33,500 "," 26,667 "," 16,250 "," 16,000 "," 8,250 "," 15,750 "," 39,000 "," 6,000 "," 20,000 "," 5,000 "
15/07/2024," 14,750 "," 12,466 "," 10,000 "," 28,000 "," 37,000 "," 33,500 "," 58,000 "," 105,000 "," 33,500 "," 26,500 "," 16,250 "," 16,000 "," 8,250 "," 15,750 "," 37,000 "," 6,000 "," 20,000 "," 5,000 "
16/07/2024," 14,750 "," 12,466 "," 10,000 "," 26,000 "," 37,000 "," 32,000 "," 58,000 "," 105,000 "," 33,000 "," 26,500 "," 16,250 "," 16,000 "," 8,250 "," 15,750 "," 36,000 "," 6,000 "," 20,000 "," 5,000 "
17/07/2024," 15,000 "," 12,466 "," 10,000 "," 27,000 "," 37,000 "," 34,000 "," 63,000 "," 105,000 "," 33,000 "," 26,500 "," 16,250 "," 16,000 "," 8,250 "," 15,750 "," 35,000 "," 6,000 "," 20,000 "," 5,000 "
18/07/2024," 15,000 "," 12,466 "," 10,000 "," 27,000 "," 37,000 "," 34,000 "," 77,000 "," 105,000 "," 33,000 "," 26,500 "," 16,250 "," 16,000 "," 8,250 "," 15,750 "," 36,000 "," 6,000 "," 20,000 "," 6,000 "
19/07/2024," 15,000 "," 12,466 "," 10,000 "," 27,000 "," 37,000 "," 34,000 "," 77,000 "," 105,000 "," 33,000 "," 26,500 "," 16,250 "," 16,000 "," 8,250 "," 15,750 "," 36,000 "," 6,000 "," 20,000 "," 6,000 "
20/07/2024," 15,000 "," 12,466 "," 10,000 "," 24,000 "," 38,000 "," 37,000 "," 65,000 "," 105,000 "," 32,500 "," 26,500 "," 16,250 "," 16,000 "," 8,250 "," 15,750 "," 37,000 "," 6,000 "," 20,000 "," 6,000 "
21/07/2024," 15,000 "," 12,466 "," 10,000 "," 23,000 "," 39,000 "," 34,000 "," 63,000 "," 105,000 "," 32,000 "," 26,500 "," 16,250 "," 16,000 "," 8,250 "," 15,750 "," 37,000 "," 6,000 "," 20,000 "," 5,000 "
22/07/2024," 15,000 "," 12,466 "," 10,000 "," 23,000 "," 39,000 "," 36,000 "," 71,000 "," 105,000 "," 32,000 "," 26,500 "," 16,250 "," 16,000 "," 8,250 "," 15,750 "," 38,000 "," 6,000 "," 20,000 "," 5,000 "
23/07/2024," 15,000 "," 12,466 "," 9,800 "," 23,000 "," 39,000 "," 35,000 "," 70,000 "," 105,000 "," 31,500 "," 26,500 "," 16,250 "," 16,000 "," 8,250 "," 15,750 "," 38,000 "," 6,000 "," 20,000 "," 5,000 "
24/07/2024," 15,000 "," 12,466 "," 9,800 "," 23,000 "," 39,000 "," 36,000 "," 84,000 "," 105,000 "," 31,500 "," 26,833 "," 16,250 "," 16,000 "," 8,250 "," 15,750 "," 38,000 "," 6,000 "," 22,000 "," 5,000 "
25/07/2024," 15,000 "," 12,466 "," 9,800 "," 22,000 "," 40,000 "," 34,000 "," 73,000 "," 105,000 "," 31,500 "," 26,833 "," 16,250 "," 16,000 "," 8,250 "," 15,750 "," 37,000 "," 6,000 "," 22,000 "," 5,000 "
26/07/2024," 15,000 "," 12,466 "," 9,800 "," 22,000 "," 40,000 "," 35,000 "," 72,000 "," 105,000 "," 31,500 "," 26,833 "," 16,250 "," 16,000 "," 8,250 "," 15,750 "," 37,000 "," 6,000 "," 22,000 "," 5,000 "
27/07/2024," 15,000 "," 12,466 "," 9,800 "," 22,670 "," 38,670 "," 34,670 "," 69,670 "," 105,000 "," 31,500 "," 26,500 "," 16,250 "," 16,000 "," 8,250 "," 15,750 "," 37,333 "," 6,000 "," 21,000 "," 5,000 "
28/07/2024," 15,000 "," 12,466 "," 9,800 "," 22,000 "," 38,670 "," 36,000 "," 74,000 "," 105,000 "," 31,500 "," 26,500 "," 16,250 "," 16,000 "," 8,250 "," 15,750 "," 38,000 "," 6,000 "," 20,500 "," 5,000 "
29/07/2024," 15,000 "," 12,466 "," 9,800 "," 21,333 "," 38,000 "," 34,667 "," 77,333 "," 105,000 "," 31,500 "," 26,500 "," 16,250 "," 16,000 "," 8,250 "," 15,750 "," 37,333 "," 6,000 "," 21,000 "," 5,000 "
30/07/2024," 15,000 "," 12,666 "," 9,800 "," 21,333 "," 38,000 "," 38,666 "," 78,000 "," 105,000 "," 30,500 "," 26,333 "," 16,250 "," 16,000 "," 8,250 "," 15,750 "," 37,333 "," 6,000 "," 21,000 "," 5,000 "
31/07/2024," 15,000 "," 12,666 "," 9,800 "," 20,666 "," 37,333 "," 34,666 "," 74,000 "," 105,000 "," 30,500 "," 26,333 "," 16,250 "," 16,000 "," 8,250 "," 15,750 "," 36,666 "," 6,000 "," 21,000 "," 5,000 "
01/08/2024," 15,000 "," 12,666 "," 9,800 "," 20,666 "," 38,000 "," 34,666 "," 69,333 "," 105,000 "," 30,500 "," 26,333 "," 16,250 "," 16,250 "," 8,250 "," 15,975 "," 37,000 "," 6,000 "," 21,000 "," 5,000 "
02/08/2024," 15,000 "," 12,666 "," 9,800 "," 21,000 "," 37,333 "," 34,666 "," 70,000 "," 105,000 "," 30,500 "," 26,333 "," 16,250 "," 16,250 "," 8,250 "," 16,425 "," 37,333 "," 6,000 "," 21,000 "," 5,000 "
03/08/2024," 15,000 "," 12,666 "," 9,800 "," 20,333 "," 37,333 "," 34,666 "," 74,000 "," 105,000 "," 32,500 "," 26,166 "," 16,250 "," 16,500 "," 8,250 "," 16,425 "," 38,000 "," 6,000 "," 21,000 "," 5,000 "
04/08/2024," 15,000 "," 12,666 "," 9,800 "," 20,333 "," 37,333 "," 33,333 "," 73,333 "," 105,000 "," 32,500 "," 26,166 "," 16,000 "," 16,500 "," 8,250 "," 16,200 "," 37,333 "," 6,000 "," 21,000 "," 5,000 "
05/08/2024," 15,000 "," 12,666 "," 9,700 "," 20,333 "," 37,333 "," 34,000 "," 68,667 "," 105,000 "," 32,500 "," 26,166 "," 16,000 "," 16,250 "," 8,250 "," 16,200 "," 36,667 "," 6,000 "," 21,000 "," 5,000 "
06/08/2024," 15,000 "," 12,666 "," 9,700 "," 18,333 "," 37,333 "," 33,333 "," 68,667 "," 105,000 "," 32,500 "," 26,166 "," 16,000 "," 16,200 "," 8,250 "," 16,200 "," 36,667 "," 6,000 "," 21,000 "," 5,000 "
07/08/2024," 15,000 "," 12,666 "," 9,700 "," 18,333 "," 37,333 "," 33,667 "," 68,667 "," 105,000 "," 32,500 "," 25,883 "," 16,000 "," 16,200 "," 8,250 "," 16,200 "," 36,667 "," 6,000 "," 21,000 "," 5,000 "
08/08/2024," 15,000 "," 12,666 "," 9,700 "," 18,333 "," 37,333 "," 33,667 "," 68,667 "," 105,000 "," 32,500 "," 25,883 "," 16,000 "," 16,200 "," 8,250 "," 16,200 "," 36,667 "," 6,000 "," 21,000 "," 5,000 "
09/08/2024," 15,000 "," 12,666 "," 9,700 "," 19,333 "," 37,333 "," 33,333 "," 66,000 "," 105,000 "," 32,000 "," 25,883 "," 16,000 "," 16,250 "," 8,250 "," 16,200 "," 37,333 "," 6,000 "," 21,000 "," 5,000 "
10/08/2024," 15,000 "," 12,666 "," 9,700 "," 18,666 "," 37,333 "," 33,666 "," 63,000 "," 105,000 "," 32,500 "," 25,833 "," 16,000 "," 16,500 "," 8,250 "," 16,200 "," 36,000 "," 6,000 "," 20,000 "," 5,000 "
11/08/2024," 15,000 "," 12,666 "," 9,700 "," 18,666 "," 37,333 "," 34,666 "," 62,333 "," 105,000 "," 32,000 "," 25,833 "," 16,000 "," 16,500 "," 8,250 "," 16,200 "," 36,666 "," 6,000 "," 20,000 "," 5,000 "
12/08/2024," 15,000 "," 12,666 "," 9,700 "," 18,666 "," 37,333 "," 34,666 "," 61,333 "," 105,000 "," 32,500 "," 25,833 "," 16,000 "," 16,750 "," 8,000 "," 16,200 "," 36,666 "," 6,000 "," 21,000 "," 5,000 "
13/08/2024," 15,000 "," 12,666 "," 9,700 "," 18,666 "," 37,333 "," 34,333 "," 60,667 "," 105,000 "," 32,500 "," 25,833 "," 16,000 "," 16,750 "," 8,000 "," 16,200 "," 36,000 "," 6,000 "," 21,000 "," 5,000 "
14/08/2024," 15,000 "," 12,666 "," 9,700 "," 19,333 "," 38,000 "," 35,000 "," 57,333 "," 105,000 "," 32,500 "," 25,833 "," 16,000 "," 16,750 "," 8,000 "," 16,200 "," 36,666 "," 6,000 "," 22,000 "," 5,000 "
15/08/2024," 15,000 "," 12,666 "," 9,700 "," 18,660 "," 38,000 "," 34,660 "," 50,660 "," 105,000 "," 32,750 "," 25,166 "," 16,000 "," 16,750 "," 8,000 "," 16,200 "," 36,000 "," 6,000 "," 21,000 "," 5,000 "
16/08/2024," 15,000 "," 12,666 "," 9,700 "," 18,660 "," 38,000 "," 34,660 "," 48,000 "," 105,000 "," 32,750 "," 25,166 "," 16,000 "," 16,750 "," 8,000 "," 16,200 "," 36,000 "," 6,000 "," 21,000 "," 5,000 "
17/08/2024," 15,000 "," 12,666 "," 9,700 "," 18,660 "," 37,330 "," 34,000 "," 48,000 "," 105,000 "," 32,750 "," 25,000 "," 16,000 "," 16,750 "," 8,000 "," 16,200 "," 35,330 "," 6,000 "," 21,000 "," 5,000 "
18/08/2024," 15,000 "," 12,666 "," 9,700 "," 18,660 "," 37,330 "," 32,660 "," 54,000 "," 105,000 "," 32,250 "," 24,666 "," 16,000 "," 16,750 "," 8,000 "," 16,200 "," 35,330 "," 6,000 "," 21,000 "," 5,000 "
19/08/2024," 15,000 "," 12,666 "," 9,700 "," 18,660 "," 37,330 "," 33,000 "," 55,000 "," 105,000 "," 32,250 "," 24,666 "," 16,000 "," 16,750 "," 8,000 "," 16,200 "," 35,330 "," 6,000 "," 21,000 "," 5,000 "
20/08/2024," 15,000 "," 12,666 "," 9,700 "," 18,660 "," 37,330 "," 33,000 "," 50,000 "," 105,000 "," 32,250 "," 24,666 "," 16,000 "," 16,750 "," 8,000 "," 16,200 "," 34,670 "," 6,000 "," 22,000 "," 5,000 "
21/08/2024," 15,000 "," 12,666 "," 9,600 "," 18,660 "," 37,330 "," 34,000 "," 51,330 "," 105,000 "," 32,250 "," 24,666 "," 16,000 "," 16,750 "," 8,000 "," 16,200 "," 36,000 "," 6,000 "," 21,000 "," 5,000 "
22/08/2024," 15,000 "," 12,666 "," 9,600 "," 18,660 "," 37,330 "," 32,000 "," 45,000 "," 105,000 "," 32,750 "," 25,000 "," 16,000 "," 16,750 "," 8,000 "," 16,200 "," 34,667 "," 6,000 "," 22,000 "," 5,000 "
23/08/2024," 15,000 "," 12,666 "," 9,600 "," 18,660 "," 37,330 "," 32,000 "," 43,666 "," 105,000 "," 32,250 "," 25,000 "," 16,000 "," 16,750 "," 8,000 "," 16,200 "," 34,670 "," 6,500 "," 22,000 "," 5,000 "
24/08/2024," 15,000 "," 12,666 "," 9,600 "," 18,660 "," 37,330 "," 31,330 "," 42,666 "," 105,000 "," 32,750 "," 25,000 "," 16,000 "," 16,750 "," 8,000 "," 16,200 "," 34,000 "," 6,500 "," 22,000 "," 5,000 "
25/08/2024," 15,000 "," 12,666 "," 9,600 "," 18,660 "," 37,330 "," 31,330 "," 42,666 "," 105,000 "," 32,750 "," 25,000 "," 16,000 "," 16,750 "," 8,000 "," 16,200 "," 34,000 "," 6,500 "," 22,000 "," 5,000 "
26/08/2024," 15,000 "," 12,500 "," 9,600 "," 18,660 "," 37,330 "," 30,000 "," 36,000 "," 105,000 "," 32,750 "," 24,883 "," 16,000 "," 16,750 "," 8,000 "," 16,200 "," 32,000 "," 6,500 "," 22,000 "," 5,000 "
27/08/2024," 15,000 "," 12,500 "," 9,600 "," 18,660 "," 37,330 "," 30,000 "," 33,000 "," 105,000 "," 32,750 "," 24,883 "," 16,000 "," 16,750 "," 8,000 "," 16,425 "," 30,667 "," 6,500 "," 21,000 "," 5,000 "
28/08/2024," 15,000 "," 12,500 "," 9,600 "," 18,660 "," 37,330 "," 30,000 "," 33,000 "," 105,000 "," 32,750 "," 24,883 "," 16,000 "," 16,750 "," 8,000 "," 16,425 "," 30,667 "," 6,500 "," 21,000 "," 5,000 "
29/08/2024," 15,000 "," 12,500 "," 9,600 "," 19,333 "," 37,330 "," 28,000 "," 32,000 "," 105,000 "," 32,750 "," 24,500 "," 16,000 "," 16,750 "," 8,000 "," 16,650 "," 28,000 "," 6,500 "," 21,000 "," 5,000 "
30/08/2024," 15,000 "," 12,500 "," 9,600 "," 19,333 "," 37,330 "," 28,000 "," 33,000 "," 105,000 "," 32,750 "," 24,500 "," 16,000 "," 16,750 "," 8,000 "," 16,650 "," 28,333 "," 6,500 "," 21,000 "," 5,000 "
31/08/2024," 15,000 "," 12,500 "," 9,600 "," 20,000 "," 37,330 "," 26,000 "," 31,330 "," 105,000 "," 32,000 "," 24,500 "," 16,000 "," 16,250 "," 8,000 "," 16,650 "," 26,670 "," 6,500 "," 20,500 "," 5,000 "
01/09/2024," 15,000 "," 12,500 "," 9,600 "," 20,670 "," 37,330 "," 23,330 "," 31,330 "," 105,000 "," 32,000 "," 24,500 "," 16,000 "," 16,250 "," 8,000 "," 16,650 "," 28,670 "," 6,500 "," 21,000 "," 5,000 "
02/09/2024," 15,000 "," 12,500 "," 9,600 "," 20,670 "," 37,330 "," 22,667 "," 31,330 "," 105,000 "," 32,000 "," 24,500 "," 16,000 "," 16,250 "," 8,000 "," 16,650 "," 28,000 "," 6,500 "," 21,000 "," 5,000 "
03/09/2024," 15,000 "," 12,500 "," 9,600 "," 22,333 "," 37,000 "," 21,333 "," 29,333 "," 105,000 "," 32,000 "," 24,333 "," 16,000 "," 16,250 "," 8,000 "," 16,650 "," 22,000 "," 6,500 "," 21,000 "," 5,000 "
04/09/2024," 15,000 "," 12,500 "," 9,300 "," 21,333 "," 37,333 "," 22,000 "," 32,000 "," 105,000 "," 32,000 "," 24,333 "," 16,250 "," 16,250 "," 8,000 "," 16,650 "," 24,000 "," 6,500 "," 21,000 "," 5,000 "
05/09/2024," 15,000 "," 12,500 "," 9,300 "," 22,000 "," 37,333 "," 21,667 "," 32,333 "," 105,000 "," 32,000 "," 24,333 "," 16,500 "," 16,250 "," 8,000 "," 16,650 "," 24,333 "," 6,500 "," 21,000 "," 4,500 "
06/09/2024," 15,000 "," 12,500 "," 9,300 "," 22,000 "," 37,333 "," 22,000 "," 32,667 "," 105,000 "," 32,000 "," 24,333 "," 16,500 "," 16,250 "," 8,000 "," 16,650 "," 24,333 "," 6,500 "," 21,000 "," 4,000 "
07/09/2024," 15,000 "," 12,500 "," 9,300 "," 23,330 "," 37,330 "," 20,670 "," 33,000 "," 105,000 "," 32,000 "," 25,330 "," 16,500 "," 16,250 "," 8,000 "," 16,650 "," 22,330 "," 6,500 "," 21,000 "," 4,000 "
08/09/2024," 15,000 "," 12,500 "," 9,300 "," 23,670 "," 37,670 "," 19,670 "," 31,330 "," 105,000 "," 32,000 "," 25,000 "," 16,500 "," 16,250 "," 8,000 "," 16,650 "," 21,000 "," 6,500 "," 21,000 "," 4,000 "
09/09/2024," 15,000 "," 12,500 "," 9,300 "," 23,670 "," 37,670 "," 19,670 "," 31,330 "," 105,000 "," 32,000 "," 25,000 "," 16,500 "," 16,250 "," 8,000 "," 16,650 "," 21,000 "," 6,500 "," 21,000 "," 4,000 "
10/09/2024," 15,000 "," 12,500 "," 9,300 "," 22,000 "," 37,670 "," 18,000 "," 32,000 "," 105,000 "," 31,500 "," 25,333 "," 16,000 "," 16,250 "," 8,000 "," 16,650 "," 21,333 "," 6,500 "," 20,500 "," 4,000 "
11/09/2024," 15,000 "," 12,500 "," 9,300 "," 22,000 "," 37,670 "," 20,000 "," 32,000 "," 105,000 "," 31,500 "," 25,333 "," 16,000 "," 16,250 "," 8,000 "," 16,650 "," 21,333 "," 6,500 "," 20,500 "," 4,000 "
12/09/2024," 15,000 "," 12,500 "," 9,200 "," 22,000 "," 37,670 "," 19,333 "," 32,000 "," 105,000 "," 32,000 "," 25,333 "," 16,000 "," 16,250 "," 8,000 "," 16,650 "," 21,333 "," 6,500 "," 20,000 "," 4,500 "
13/09/2024," 15,000 "," 12,500 "," 9,200 "," 22,000 "," 37,000 "," 18,667 "," 32,000 "," 105,000 "," 32,500 "," 25,333 "," 16,000 "," 16,250 "," 8,000 "," 16,650 "," 20,000 "," 6,500 "," 19,000 "," 4,500 "
14/09/2024," 15,000 "," 12,500 "," 9,200 "," 23,330 "," 36,670 "," 18,670 "," 32,000 "," 105,000 "," 32,500 "," 25,500 "," 16,000 "," 16,250 "," 8,000 "," 16,650 "," 20,670 "," 6,500 "," 19,000 "," 4,500 "
15/09/2024," 15,000 "," 12,500 "," 9,200 "," 23,330 "," 37,330 "," 18,670 "," 32,670 "," 105,000 "," 32,500 "," 25,500 "," 16,000 "," 16,250 "," 8,000 "," 16,650 "," 20,000 "," 6,500 "," 19,000 "," 4,000 "
16/09/2024," 15,000 "," 12,500 "," 9,200 "," 22,000 "," 37,330 "," 19,330 "," 33,330 "," 105,000 "," 32,500 "," 25,500 "," 16,000 "," 16,250 "," 8,000 "," 16,650 "," 20,000 "," 6,500 "," 19,000 "," 5,500 "
17/09/2024," 15,000 "," 12,500 "," 9,200 "," 22,667 "," 37,000 "," 19,330 "," 33,330 "," 105,000 "," 32,500 "," 25,333 "," 16,000 "," 16,250 "," 8,000 "," 16,650 "," 20,667 "," 6,500 "," 19,000 "," 5,500 "
18/09/2024," 15,000 "," 12,500 "," 9,200 "," 22,667 "," 37,667 "," 20,667 "," 33,330 "," 105,000 "," 32,500 "," 25,333 "," 16,000 "," 16,250 "," 8,000 "," 16,650 "," 22,000 "," 6,500 "," 19,000 "," 4,500 "
19/09/2024," 15,000 "," 12,500 "," 9,200 "," 22,667 "," 37,667 "," 20,667 "," 34,330 "," 105,000 "," 32,500 "," 25,333 "," 16,000 "," 16,250 "," 8,000 "," 16,650 "," 22,000 "," 6,500 "," 19,000 "," 4,500 "
20/09/2024," 15,000 "," 12,500 "," 9,200 "," 22,000 "," 37,333 "," 19,333 "," 34,000 "," 105,000 "," 32,500 "," 25,333 "," 16,500 "," 16,250 "," 8,000 "," 16,650 "," 21,333 "," 6,500 "," 19,000 "," 4,500 "
21/09/2024," 15,000 "," 12,500 "," 9,200 "," 23,330 "," 37,670 "," 20,670 "," 35,000 "," 105,000 "," 31,000 "," 25,500 "," 16,500 "," 16,250 "," 8,000 "," 16,650 "," 22,670 "," 6,500 "," 19,000 "," 5,000 "
22/09/2024," 15,000 "," 12,500 "," 9,200 "," 23,330 "," 37,670 "," 19,330 "," 35,670 "," 105,000 "," 31,500 "," 25,830 "," 16,500 "," 16,250 "," 8,000 "," 16,650 "," 21,330 "," 6,500 "," 19,000 "," 5,000 "
23/09/2024," 15,000 "," 12,500 "," 9,200 "," 23,330 "," 37,670 "," 19,330 "," 35,670 "," 105,000 "," 31,500 "," 25,830 "," 16,500 "," 16,250 "," 8,000 "," 16,650 "," 21,330 "," 6,500 "," 19,000 "," 5,000 "
24/09/2024," 15,000 "," 12,500 "," 9,000 "," 23,330 "," 37,670 "," 19,330 "," 34,670 "," 105,000 "," 31,500 "," 25,667 "," 16,750 "," 16,250 "," 8,000 "," 16,650 "," 20,000 "," 6,500 "," 19,000 "," 5,500 "
25/09/2024," 15,000 "," 12,500 "," 9,000 "," 23,330 "," 37,670 "," 19,330 "," 34,670 "," 105,000 "," 31,000 "," 25,667 "," 16,750 "," 16,250 "," 8,000 "," 16,650 "," 20,000 "," 6,500 "," 19,000 "," 5,500 "
26/09/2024," 15,000 "," 12,500 "," 9,000 "," 24,000 "," 37,333 "," 20,000 "," 34,000 "," 105,000 "," 31,000 "," 25,667 "," 16,750 "," 16,250 "," 8,000 "," 16,650 "," 20,667 "," 6,500 "," 19,000 "," 5,000 "
27/09/2024," 15,000 "," 12,500 "," 9,000 "," 23,333 "," 37,333 "," 20,000 "," 34,000 "," 105,000 "," 31,000 "," 25,667 "," 16,750 "," 16,250 "," 8,000 "," 16,650 "," 20,667 "," 6,500 "," 19,000 "," 5,000 "
28/09/2024," 15,000 "," 12,500 "," 9,000 "," 25,330 "," 37,330 "," 19,330 "," 32,670 "," 105,000 "," 30,000 "," 25,670 "," 16,750 "," 16,250 "," 8,000 "," 16,650 "," 20,000 "," 6,500 "," 19,000 "," 5,500 "
29/09/2024," 15,000 "," 12,500 "," 9,000 "," 25,330 "," 37,330 "," 19,330 "," 32,670 "," 105,000 "," 30,000 "," 25,670 "," 16,750 "," 16,250 "," 8,000 "," 16,650 "," 20,000 "," 6,500 "," 19,000 "," 5,500 "
30/09/2024," 15,000 "," 12,500 "," 9,000 "," 24,667 "," 37,330 "," 19,330 "," 32,670 "," 105,000 "," 30,000 "," 25,670 "," 16,750 "," 16,250 "," 8,000 "," 16,650 "," 20,000 "," 6,500 "," 19,000 "," 5,500 "
01/10/2024," 15,000 "," 12,500 "," 9,000 "," 24,667 "," 37,330 "," 18,667 "," 32,000 "," 105,000 "," 30,000 "," 25,670 "," 16,750 "," 16,250 "," 8,000 "," 16,650 "," 20,000 "," 6,500 "," 19,000 "," 5,500 "
02/10/2024," 15,000 "," 12,500 "," 9,000 "," 24,000 "," 36,667 "," 18,667 "," 32,667 "," 105,000 "," 30,000 "," 25,500 "," 16,500 "," 16,250 "," 8,000 "," 16,650 "," 20,000 "," 6,500 "," 19,000 "," 6,500 "
03/10/2024," 15,000 "," 12,500 "," 9,000 "," 25,667 "," 36,667 "," 18,667 "," 39,667 "," 105,000 "," 30,000 "," 25,500 "," 16,500 "," 16,250 "," 8,000 "," 16,650 "," 20,000 "," 6,500 "," 18,000 "," 6,000 "
04/10/2024," 15,000 "," 12,500 "," 9,000 "," 25,667 "," 36,667 "," 18,000 "," 35,333 "," 105,000 "," 30,000 "," 25,500 "," 16,500 "," 16,250 "," 8,000 "," 16,650 "," 20,000 "," 6,500 "," 17,000 "," 6,000 "
05/10/2024," 15,000 "," 12,500 "," 9,000 "," 25,000 "," 36,667 "," 17,330 "," 35,333 "," 105,000 "," 30,000 "," 26,000 "," 16,500 "," 16,250 "," 8,000 "," 16,650 "," 19,000 "," 6,500 "," 17,000 "," 6,000 "
06/10/2024," 15,000 "," 12,500 "," 9,000 "," 25,000 "," 36,667 "," 17,330 "," 35,000 "," 105,000 "," 30,000 "," 26,000 "," 16,500 "," 16,250 "," 8,000 "," 16,650 "," 19,000 "," 6,500 "," 17,000 "," 6,000 "
07/10/2024," 15,000 "," 12,500 "," 9,000 "," 25,667 "," 36,667 "," 18,000 "," 36,000 "," 105,000 "," 30,000 "," 25,500 "," 16,500 "," 16,750 "," 8,000 "," 16,650 "," 18,000 "," 6,500 "," 17,000 "," 6,500 "
08/10/2024," 15,000 "," 12,500 "," 8,900 "," 25,667 "," 36,667 "," 18,000 "," 36,000 "," 105,000 "," 31,000 "," 25,500 "," 16,500 "," 16,750 "," 8,000 "," 16,650 "," 18,000 "," 6,500 "," 17,000 "," 6,500 "
09/10/2024," 15,000 "," 12,500 "," 8,900 "," 25,000 "," 36,667 "," 18,333 "," 41,000 "," 105,000 "," 31,500 "," 25,500 "," 16,500 "," 16,750 "," 8,000 "," 16,650 "," 18,667 "," 6,500 "," 16,500 "," 6,500 "
10/10/2024," 15,000 "," 12,500 "," 8,900 "," 24,667 "," 36,667 "," 18,333 "," 41,333 "," 105,000 "," 31,500 "," 25,500 "," 16,500 "," 16,750 "," 8,000 "," 16,650 "," 18,667 "," 6,500 "," 16,500 "," 6,500 "
11/10/2024," 15,000 "," 12,500 "," 8,900 "," 26,000 "," 36,667 "," 16,333 "," 40,667 "," 105,000 "," 32,000 "," 25,500 "," 16,500 "," 17,000 "," 8,000 "," 16,875 "," 16,667 "," 6,500 "," 16,500 "," 7,500 "
12/10/2024," 15,000 "," 12,500 "," 8,900 "," 25,330 "," 36,670 "," 16,330 "," 40,000 "," 105,000 "," 32,000 "," 25,500 "," 16,500 "," 17,000 "," 8,000 "," 16,875 "," 16,670 "," 6,500 "," 15,500 "," 7,500 "
13/10/2024," 15,000 "," 12,500 "," 8,900 "," 25,000 "," 36,670 "," 17,000 "," 44,000 "," 105,000 "," 32,000 "," 25,500 "," 16,500 "," 17,000 "," 8,000 "," 16,875 "," 17,000 "," 6,500 "," 15,500 "," 8,500 "
14/10/2024," 15,000 "," 12,500 "," 8,900 "," 25,000 "," 36,670 "," 17,667 "," 42,667 "," 105,000 "," 32,000 "," 25,500 "," 16,500 "," 17,000 "," 8,000 "," 17,100 "," 17,667 "," 6,500 "," 16,500 "," 6,500 "
15/10/2024," 15,000 "," 12,500 "," 8,900 "," 26,333 "," 36,670 "," 18,667 "," 44,667 "," 105,000 "," 32,000 "," 25,500 "," 16,500 "," 17,000 "," 8,000 "," 17,100 "," 18,667 "," 6,500 "," 16,500 "," 8,500 "
16/10/2024," 15,000 "," 12,500 "," 8,900 "," 26,333 "," 36,670 "," 18,667 "," 44,667 "," 105,000 "," 33,000 "," 25,500 "," 16,500 "," 17,000 "," 8,000 "," 17,100 "," 18,667 "," 6,500 "," 16,500 "," 8,500 "
17/10/2024," 15,000 "," 12,500 "," 8,900 "," 25,667 "," 37,333 "," 18,000 "," 39,667 "," 105,000 "," 34,000 "," 25,500 "," 16,500 "," 17,250 "," 8,000 "," 17,100 "," 18,667 "," 6,500 "," 15,500 "," 9,000 "
18/10/2024," 15,000 "," 12,500 "," 8,900 "," 25,667 "," 37,333 "," 18,000 "," 38,667 "," 105,000 "," 35,000 "," 25,500 "," 16,500 "," 17,250 "," 8,000 "," 17,100 "," 18,667 "," 6,500 "," 15,500 "," 9,000 "
19/10/2024," 15,000 "," 12,500 "," 8,900 "," 25,000 "," 37,330 "," 17,670 "," 36,000 "," 105,000 "," 35,500 "," 25,500 "," 16,500 "," 17,250 "," 8,000 "," 17,100 "," 18,330 "," 6,500 "," 15,500 "," 9,500 "
20/10/2024," 15,000 "," 12,500 "," 8,900 "," 25,000 "," 37,330 "," 18,000 "," 37,000 "," 105,000 "," 35,500 "," 25,500 "," 16,500 "," 17,250 "," 8,000 "," 17,100 "," 18,670 "," 6,500 "," 15,500 "," 9,500 "
21/10/2024," 15,000 "," 12,500 "," 8,900 "," 25,000 "," 37,330 "," 17,333 "," 36,000 "," 105,000 "," 35,500 "," 25,167 "," 16,500 "," 17,250 "," 8,000 "," 16,875 "," 18,000 "," 6,500 "," 15,500 "," 9,500 "
22/10/2024," 15,000 "," 12,500 "," 8,800 "," 25,000 "," 37,330 "," 17,333 "," 36,667 "," 105,000 "," 35,500 "," 25,167 "," 16,500 "," 17,250 "," 8,000 "," 16,875 "," 18,000 "," 6,500 "," 15,500 "," 9,500 "
,,,,,,,,,,,,,,,,,,
,,,,,,,,,,,,,,,,,,
,,,,,,,,,,,,,,,,,,
,,,,,,,,,,,,,,,,,,
,,,,,,,,,,,,,,,,,,
,,,,,,,,,,,,,,,,,,
,,,,,,,,,,,,,,,,,,
,,,,,,,,,,,,,,,,,,
,,,,,,,,,,,,,,,,,,
,,,,,,,,,,,,,,,,,,
,,,,,,,,,,,,,,,,,,
,,,,,,,,,,,,,,,,,,
,,,,,,,,,,,,,,,,,,
,,,,,,,,,,,,,,,,,,
,,,,,,,,,,,,,,,,,,
,,,,,,,,,,,,,,,,,,
,,,,,,,,,,,,,,,,,,
,,,,,,,,,,,,,,,,,,
,,,,,,,,,,,,,,,,,,
,,,,,,,,,,,,,,,,,,
,,,,,,,,,,,,,,,,,,
,,,,,,,,,,,,,,,,,,
,,,,,,,,,,,,,,,,,,
,,,,,,,,,,,,,,,,,,
,,,,,,,,,,,,,,,,,,
,,,,,,,,,,,,,,,,,,
,,,,,,,,,,,,,,,,,,
,,,,,,,,,,,,,,,,,,
,,,,,,,,,,,,,,,,,,
,,,,,,,,,,,,,,,,,,
,,,,,,,,,,,,,,,,,,
,,,,,,,,,,,,,,,,,,
,,,,,,,,,,,,,,,,,,
,,,,,,,,,,,,,,,,,,
,,,,,,,,,,,,,,,,,,
,,,,,,,,,,,,,,,,,,
,,,,,,,,,,,,,,,,,,
,,,,,,,,,,,,,,,,,,
,,,,,,,,,,,,,,,,,,
,,,,,,,,,,,,,,,,,,
,,,,,,,,,,,,,,,,,,
,,,,,,,,,,,,,,,,,,
,,,,,,,,,,,,,,,,,,
,,,,,,,,,,,,,,,,,,
,,,,,,,,,,,,,,,,,,
,,,,,,,,,,,,,,,,,,
,,,,,,,,,,,,,,,,,,
,,,,,,,,,,,,,,,,,,
,,,,,,,,,,,,,,,,,,
,,,,,,,,,,,,,,,,,,
,,,,,,,,,,,,,,,,,,
,,,,,,,,,,,,,,,,,,
,,,,,,,,,,,,,,,,,,
,,,,,,,,,,,,,,,,,,
,,,,,,,,,,,,,,,,,,
,,,,,,,,,,,,,,,,,,
,,,,,,,,,,,,,,,,,,
,,,,,,,,,,,,,,,,,,
,,,,,,,,,,,,,,,,,,
,,,,,,,,,,,,,,,,,,
,,,,,,,,,,,,,,,,,,
,,,,,,,,,,,,,,,,,,
,,,,,,,,,,,,,,,,,,
,,,,,,,,,,,,,,,,,,
,,,,,,,,,,,,,,,,,,
,,,,,,,,,,,,,,,,,,
,,,,,,,,,,,,,,,,,,
,,,,,,,,,,,,,,,,,,
,,,,,,,,,,,,,,,,,,
,,,,,,,,,,,,,,,,,,
,,,,,,,,,,,,,,,,,,
,,,,,,,,,,,,,,,,,,
,,,,,,,,,,,,,,,,,,
,,,,,,,,,,,,,,,,,,
,,,,,,,,,,,,,,,,,,
,,,,,,,,,,,,,,,,,,
,,,,,,,,,,,,,,,,,,
,,,,,,,,,,,,,,,,,,
,,,,,,,,,,,,,,,,,,
,,,,,,,,,,,,,,,,,,
,,,,,,,,,,,,,,,,,,
,,,,,,,,,,,,,,,,,,
,,,,,,,,,,,,,,,,,,
,,,,,,,,,,,,,,,,,,
,,,,,,,,,,,,,,,,,,
,,,,,,,,,,,,,,,,,,
